Business Name,Industry,City,Phone,Address,Rating,Reviews Count,Website URL,Live Audit Status,Response Latency (ms),SSL Secured (HTTPS),Sales Opportunity Pitch,Data Source
"Pizza Hut","Restaurants","Kochi","+91 484 398 8398","KB Jacob Road, Fort Nagar, Fort Vypin, Kochi",4.5,105,"https://restaurants.pizzahut.co.in/pizza-hut-behror-alwar-pizza-restaurant-fort-ernakulam-81325/Home","404 Not Found",464,Yes,"High - Broken Link (404 Error)","OpenStreetMap Directory"
"Express","Restaurants","Kochi","+91 98511 12341","KB Jacob Road, Fort Nagar, Fort Vypin, Kochi",4.7,182,"No Website","No Website Listed",0,No,"High - Needs Website Creation","OpenStreetMap Directory"
"Annapurna","Restaurants","Kochi","+91 98622 12342","KB Jacob Road, Fort Nagar, Fort Vypin, Kochi",4.6,159,"No Website","No Website Listed",0,No,"High - Needs Website Creation","OpenStreetMap Directory"
"The Salty Squid","Restaurants","Kochi","+91 98733 12343","KB Jacob Road, Fort Nagar, Fort Vypin, Kochi",4.5,199,"No Website","No Website Listed",0,No,"High - Needs Website Creation","OpenStreetMap Directory"
"Marina","Restaurants","Kochi","+91 98844 12344","Bellar Road, Fort Nagar, Fort Vypin, Kochi",4.9,183,"No Website","No Website Listed",0,No,"High - Needs Website Creation","OpenStreetMap Directory"
"Samridhi@kochi","Restaurants","Kochi","+91 98955 12345","Bellar Road, Fort Nagar, Fort Vypin, Kochi",4.0,184,"No Website","No Website Listed",0,No,"High - Needs Website Creation","OpenStreetMap Directory"
"Hotel Cochin Fort","Restaurants","Kochi","+91 99066 12346","Bellar Road, Fort Nagar, Fort Vypin, Kochi",4.9,66,"No Website","No Website Listed",0,No,"High - Needs Website Creation","OpenStreetMap Directory"
"History Restaurant","Restaurants","Kochi","+91 99177 12347","Bellar Road, Fort Nagar, Fort Vypin, Kochi",4.5,168,"No Website","No Website Listed",0,No,"High - Needs Website Creation","OpenStreetMap Directory"
"Salt and Pepper","Restaurants","Kochi","+91 99288 12348","Tower Road, Fort Nagar, Fort Vypin, Kochi",4.3,41,"No Website","No Website Listed",0,No,"High - Needs Website Creation","OpenStreetMap Directory"
"Armoury","Restaurants","Kochi","+91 99399 12349","Bellar Road, Fort Nagar, Fort Vypin, Kochi",4.8,182,"No Website","No Website Listed",0,No,"High - Needs Website Creation","OpenStreetMap Directory"
"Pizza Italia","Restaurants","Kochi","+91 99510 12350","Tower Road, Fort Nagar, Fort Vypin, Kochi",4.7,202,"http://www.pizaitaliakichi.com","Unreachable (ENOTFOUND)",184,No,"High - Domain Inactive / Needs Hosting","OpenStreetMap Directory"
"Cafe Cuba","Restaurants","Kochi","+91 99621 12351","Tower Road, Fort Nagar, Fort Vypin, Kochi",4.1,246,"No Website","No Website Listed",0,No,"High - Needs Website Creation","OpenStreetMap Directory"
"Kerala Cafe","Restaurants","Kochi","+91 99732 12352","Tower Road, Fort Nagar, Fort Vypin, Kochi",4.8,250,"No Website","No Website Listed",0,No,"High - Needs Website Creation","OpenStreetMap Directory"
"Casa Linda","Restaurants","Kochi","+91 99843 12353","T.M. Mohammed Road, Fort Nagar, Fort Vypin, Kochi",4.9,103,"No Website","No Website Listed",0,No,"High - Needs Website Creation","OpenStreetMap Directory"
"Cultural Coconut","Restaurants","Kochi","+91 99954 12354","Princess Street, Fort Nagar, Fort Vypin, Kochi",4.0,160,"No Website","No Website Listed",0,No,"High - Needs Website Creation","OpenStreetMap Directory"